order_item_id,order_id,product_id,quantity,unit_price
1,1,32,2,3812.42
2,1,2,2,2222.14
3,1,8,1,3423.54
4,2,6,3,9089.98
5,3,9,2,12170.04
6,3,43,3,5201.61
7,4,14,3,12135.85
8,4,35,1,3406.91
9,4,49,3,5702.62
10,4,47,2,13077.2
11,5,29,1,13164.06
12,5,34,1,13482.67
13,5,8,1,3423.54
14,6,38,1,6419.08
15,6,15,1,2003.67
16,7,5,2,1541.37
17,7,3,1,11148.92
18,8,14,3,12135.85
19,8,35,3,3406.91
20,8,9,2,12170.04
21,8,47,1,13077.2
22,9,7,2,10782.89
23,9,43,2,5201.61
24,10,44,3,2498.64
25,11,47,1,13077.2
26,11,22,1,4114.62
27,11,7,3,10782.89
28,11,16,2,8347.8
29,12,30,2,9883.26
30,12,16,3,8347.8
31,12,5,1,1541.37
32,13,6,1,9089.98
33,14,14,2,12135.85
34,14,26,1,10316.52
35,14,4,2,8918.81
36,14,11,2,2458.87
37,15,10,1,10517.37
38,15,13,3,12735.29
39,15,19,3,12851.47
40,15,14,3,12135.85
41,16,4,3,8918.81
42,17,4,1,8918.81
43,17,33,1,4051.71
44,18,26,3,10316.52
45,18,8,1,3423.54
46,19,27,3,12353.77
47,20,17,3,8723.68
48,20,14,2,12135.85
49,20,43,1,5201.61
50,21,30,1,9883.26
51,21,21,1,5647.19
52,21,49,2,5702.62
53,22,5,3,1541.37
54,23,23,1,9579.43
55,23,5,2,1541.37
56,24,40,1,3883.5
57,24,42,3,13289.11
58,24,34,3,13482.67
59,25,9,2,12170.04
60,26,18,3,9969.76
61,26,19,1,12851.47
62,27,33,1,4051.71
63,27,32,1,3812.42
64,27,17,3,8723.68
65,28,1,2,11162.02
66,29,11,3,2458.87
67,29,48,3,7688.79
68,29,29,2,13164.06
69,30,45,1,13156.42
70,31,38,2,6419.08
71,31,36,1,7478.71
72,31,10,1,10517.37
73,32,23,1,9579.43
74,33,23,3,9579.43
75,34,16,1,8347.8
76,34,11,2,2458.87
77,35,27,1,12353.77
78,35,43,2,5201.61
79,35,48,1,7688.79
80,36,31,1,6963.95
81,37,23,3,9579.43
82,37,20,1,4277.91
83,37,15,2,2003.67
84,37,2,2,2222.14
85,38,23,2,9579.43
86,38,42,3,13289.11
87,38,33,3,4051.71
88,39,17,1,8723.68
89,40,3,2,11148.92
90,40,7,2,10782.89
91,40,39,3,5817.05
92,41,25,3,4158.73
93,42,1,3,11162.02
94,42,34,3,13482.67
95,42,35,3,3406.91
96,42,44,3,2498.64
97,43,43,2,5201.61
98,44,47,2,13077.2
99,45,21,3,5647.19
100,45,26,1,10316.52
101,45,45,1,13156.42
102,45,19,2,12851.47
103,46,40,2,3883.5
104,46,37,2,2419.69
105,47,19,3,12851.47
106,47,14,3,12135.85
107,47,28,3,4125.95
108,48,44,3,2498.64
109,48,14,1,12135.85
110,48,33,3,4051.71
111,48,31,1,6963.95
112,49,6,3,9089.98
113,49,49,2,5702.62
114,49,16,1,8347.8
115,50,16,2,8347.8
116,51,30,2,9883.26
117,52,32,3,3812.42
118,52,26,3,10316.52
119,52,16,1,8347.8
120,52,10,1,10517.37
121,53,45,2,13156.42
122,53,34,1,13482.67
123,54,30,1,9883.26
124,55,49,3,5702.62
125,55,29,3,13164.06
126,55,40,2,3883.5
127,56,48,2,7688.79
128,56,31,2,6963.95
129,57,50,3,14309.47
130,57,34,1,13482.67
131,57,32,2,3812.42
132,58,16,2,8347.8
133,58,18,3,9969.76
134,58,22,1,4114.62
135,59,45,1,13156.42
136,59,10,2,10517.37
137,59,46,2,11465.14
138,59,14,2,12135.85
139,60,14,2,12135.85
140,61,49,3,5702.62
141,62,20,2,4277.91
142,62,49,3,5702.62
143,62,25,3,4158.73
144,63,32,2,3812.42
145,63,15,2,2003.67
146,64,43,3,5201.61
147,64,44,1,2498.64
148,64,26,2,10316.52
149,65,26,3,10316.52
150,66,42,2,13289.11
151,67,4,2,8918.81
152,67,17,2,8723.68
153,68,49,2,5702.62
154,68,25,2,4158.73
155,68,18,1,9969.76
156,69,23,1,9579.43
157,70,49,1,5702.62
158,71,40,1,3883.5
159,72,37,1,2419.69
160,73,11,3,2458.87
161,73,39,1,5817.05
162,73,48,1,7688.79
163,74,20,3,4277.91
164,75,26,3,10316.52
165,75,46,3,11465.14
166,75,13,3,12735.29
167,75,5,1,1541.37
168,76,44,3,2498.64
169,76,39,1,5817.05
170,76,8,2,3423.54
171,77,5,2,1541.37
172,77,33,1,4051.71
173,77,42,2,13289.11
174,78,41,1,10252.21
175,78,30,2,9883.26
176,78,46,1,11465.14
177,79,40,2,3883.5
178,79,35,2,3406.91
179,79,50,2,14309.47
180,80,16,2,8347.8
181,80,6,1,9089.98
182,80,18,2,9969.76
183,81,22,1,4114.62
184,81,2,2,2222.14
185,81,32,1,3812.42
186,81,21,2,5647.19
187,82,36,1,7478.71
188,82,1,1,11162.02
189,82,34,1,13482.67
190,83,45,3,13156.42
191,83,31,3,6963.95
192,84,6,2,9089.98
193,85,20,3,4277.91
194,85,43,2,5201.61
195,86,28,2,4125.95
196,86,48,2,7688.79
197,86,36,3,7478.71
198,87,15,1,2003.67
199,87,8,2,3423.54
200,87,47,1,13077.2
201,88,13,3,12735.29
202,88,14,2,12135.85
203,89,7,1,10782.89
204,89,13,2,12735.29
205,89,19,1,12851.47
206,90,18,1,9969.76
207,90,3,3,11148.92
208,91,41,2,10252.21
209,91,49,1,5702.62
210,92,31,1,6963.95
211,92,29,2,13164.06
212,92,22,2,4114.62
213,92,12,1,1527.28
214,93,37,3,2419.69
215,94,37,1,2419.69
216,94,20,1,4277.91
217,95,39,3,5817.05
218,95,40,2,3883.5
219,95,15,2,2003.67
220,95,50,2,14309.47
221,96,20,3,4277.91
222,96,37,3,2419.69
223,96,40,1,3883.5
224,96,4,1,8918.81
225,97,11,1,2458.87
226,98,1,2,11162.02
227,98,27,3,12353.77
228,99,15,2,2003.67
229,100,5,3,1541.37
230,100,44,3,2498.64
231,100,15,3,2003.67
232,100,17,1,8723.68
233,101,42,2,13289.11
234,101,10,1,10517.37
235,102,39,2,5817.05
236,102,48,2,7688.79
237,102,37,1,2419.69
238,103,18,2,9969.76
239,103,33,1,4051.71
240,103,35,3,3406.91
241,103,32,1,3812.42
242,104,2,3,2222.14
243,104,6,3,9089.98
244,104,15,3,2003.67
245,105,37,1,2419.69
246,105,3,2,11148.92
247,105,49,3,5702.62
248,106,12,3,1527.28
249,106,38,2,6419.08
250,106,28,1,4125.95
251,107,21,1,5647.19
252,107,43,2,5201.61
253,107,7,2,10782.89
254,108,49,1,5702.62
255,108,36,2,7478.71
256,108,3,2,11148.92
257,108,30,2,9883.26
258,109,33,2,4051.71
259,109,1,2,11162.02
260,109,43,1,5201.61
261,109,35,1,3406.91
262,110,41,1,10252.21
263,110,29,2,13164.06
264,110,49,3,5702.62
265,110,4,1,8918.81
266,111,8,1,3423.54
267,111,2,3,2222.14
268,111,41,1,10252.21
269,111,39,2,5817.05
270,112,6,1,9089.98
271,112,15,3,2003.67
272,112,8,1,3423.54
273,112,30,2,9883.26
274,113,27,2,12353.77
275,113,31,3,6963.95
276,113,16,1,8347.8
277,114,5,2,1541.37
278,114,18,2,9969.76
279,115,19,3,12851.47
280,116,10,2,10517.37
281,116,29,2,13164.06
282,116,35,3,3406.91
283,116,31,3,6963.95
284,117,13,3,12735.29
285,117,45,2,13156.42
286,117,16,1,8347.8
287,118,48,2,7688.79
288,118,31,2,6963.95
289,118,46,3,11465.14
290,119,3,2,11148.92
291,119,9,1,12170.04
292,119,33,2,4051.71
293,119,38,1,6419.08
294,120,47,1,13077.2
295,121,5,2,1541.37
296,121,31,2,6963.95
297,122,22,3,4114.62
298,123,41,2,10252.21
299,123,46,3,11465.14
300,123,49,1,5702.62
301,124,15,2,2003.67
302,124,48,1,7688.79
303,124,6,3,9089.98
304,125,11,1,2458.87
305,125,45,2,13156.42
306,125,20,1,4277.91
307,125,2,2,2222.14
308,126,16,2,8347.8
309,126,34,3,13482.67
310,127,12,3,1527.28
311,127,6,2,9089.98
312,128,38,3,6419.08
313,128,10,2,10517.37
314,128,15,2,2003.67
315,128,30,2,9883.26
316,129,19,1,12851.47
317,129,44,2,2498.64
318,129,35,2,3406.91
319,129,11,3,2458.87
320,130,45,1,13156.42
321,130,17,2,8723.68
322,130,30,2,9883.26
323,130,20,1,4277.91
324,131,37,2,2419.69
325,131,19,1,12851.47
326,131,45,3,13156.42
327,132,39,3,5817.05
328,133,50,2,14309.47
329,133,15,1,2003.67
330,133,39,3,5817.05
331,134,41,3,10252.21
332,134,7,3,10782.89
333,135,3,1,11148.92
334,135,38,1,6419.08
335,135,24,2,3785.44
336,135,47,2,13077.2
337,136,9,2,12170.04
338,136,35,3,3406.91
339,137,17,2,8723.68
340,137,31,3,6963.95
341,138,5,3,1541.37
342,138,10,3,10517.37
343,138,49,3,5702.62
344,138,15,2,2003.67
345,139,1,2,11162.02
346,139,17,2,8723.68
347,139,35,3,3406.91
348,139,8,3,3423.54
349,140,41,1,10252.21
350,140,24,2,3785.44
351,140,7,1,10782.89
352,140,44,3,2498.64
353,141,42,3,13289.11
354,141,5,2,1541.37
355,142,8,2,3423.54
356,142,9,1,12170.04
357,142,3,1,11148.92
358,142,20,1,4277.91
359,143,24,3,3785.44
360,143,43,2,5201.61
361,143,48,3,7688.79
362,143,45,3,13156.42
363,144,42,2,13289.11
364,144,7,2,10782.89
365,144,32,1,3812.42
366,144,40,3,3883.5
367,145,16,2,8347.8
368,145,24,3,3785.44
369,145,7,3,10782.89
370,145,44,2,2498.64
371,146,8,1,3423.54
372,146,30,3,9883.26
373,147,4,2,8918.81
374,148,5,3,1541.37
375,148,49,1,5702.62
376,149,22,1,4114.62
377,149,50,3,14309.47
378,150,9,2,12170.04
379,150,35,1,3406.91
380,151,9,1,12170.04
381,152,38,1,6419.08
382,152,21,1,5647.19
383,153,34,2,13482.67
384,153,8,2,3423.54
385,153,48,2,7688.79
386,153,5,3,1541.37
387,154,40,3,3883.5
388,154,3,3,11148.92
389,155,4,2,8918.81
390,156,32,3,3812.42
391,157,21,3,5647.19
392,158,40,3,3883.5
393,158,41,3,10252.21
394,158,38,2,6419.08
395,159,30,2,9883.26
396,159,33,1,4051.71
397,159,39,3,5817.05
398,160,28,1,4125.95
399,160,29,2,13164.06
400,161,27,2,12353.77
401,161,47,2,13077.2
402,161,7,3,10782.89
403,161,21,2,5647.19
404,162,5,3,1541.37
405,162,6,3,9089.98
406,162,28,2,4125.95
407,162,7,1,10782.89
408,163,43,2,5201.61
409,163,8,3,3423.54
410,163,27,2,12353.77
411,164,39,1,5817.05
412,164,20,3,4277.91
413,164,23,3,9579.43
414,165,15,2,2003.67
415,165,7,1,10782.89
416,165,23,2,9579.43
417,165,36,3,7478.71
418,166,39,3,5817.05
419,167,18,2,9969.76
420,167,45,2,13156.42
421,168,37,2,2419.69
422,168,43,1,5201.61
423,169,6,3,9089.98
424,170,30,2,9883.26
425,170,22,3,4114.62
426,170,11,2,2458.87
427,170,24,3,3785.44
428,171,10,1,10517.37
429,172,18,2,9969.76
430,173,27,3,12353.77
431,173,18,1,9969.76
432,173,14,2,12135.85
433,173,49,2,5702.62
434,174,34,1,13482.67
435,174,43,2,5201.61
436,174,20,3,4277.91
437,174,3,1,11148.92
438,175,50,2,14309.47
439,175,9,2,12170.04
440,176,48,2,7688.79
441,176,28,3,4125.95
442,176,12,3,1527.28
443,176,9,1,12170.04
444,177,5,1,1541.37
445,177,26,2,10316.52
446,177,48,1,7688.79
447,178,37,3,2419.69
448,178,28,3,4125.95
449,178,26,2,10316.52
450,179,21,1,5647.19
451,180,6,1,9089.98
452,180,28,2,4125.95
453,180,7,3,10782.89
454,181,20,2,4277.91
455,181,48,1,7688.79
456,181,22,1,4114.62
457,181,15,3,2003.67
458,182,50,2,14309.47
459,182,23,3,9579.43
460,183,7,2,10782.89
461,183,10,1,10517.37
462,184,12,3,1527.28
463,185,44,3,2498.64
464,185,37,2,2419.69
465,185,42,3,13289.11
466,185,41,2,10252.21
467,186,29,3,13164.06
468,186,41,1,10252.21
469,186,20,2,4277.91
470,186,18,3,9969.76
471,187,3,1,11148.92
472,187,4,3,8918.81
473,187,24,1,3785.44
474,187,19,3,12851.47
475,188,38,2,6419.08
476,188,36,3,7478.71
477,188,48,3,7688.79
478,188,3,1,11148.92
479,189,4,1,8918.81
480,189,29,2,13164.06
481,190,3,3,11148.92
482,190,16,2,8347.8
483,191,24,2,3785.44
484,191,19,2,12851.47
485,192,41,3,10252.21
486,193,36,3,7478.71
487,194,22,3,4114.62
488,194,6,3,9089.98
489,195,42,2,13289.11
490,195,45,1,13156.42
491,195,43,3,5201.61
492,196,36,2,7478.71
493,196,25,1,4158.73
494,196,42,3,13289.11
495,197,42,3,13289.11
496,198,24,2,3785.44
497,199,50,1,14309.47
498,199,32,1,3812.42
499,199,13,1,12735.29
500,200,33,3,4051.71
501,201,43,2,5201.61
502,202,10,3,10517.37
503,202,11,1,2458.87
504,202,12,3,1527.28
505,202,45,2,13156.42
506,203,29,2,13164.06
507,203,40,3,3883.5
508,204,20,1,4277.91
509,204,31,2,6963.95
510,205,30,3,9883.26
511,205,50,3,14309.47
512,205,19,2,12851.47
513,205,25,1,4158.73
514,206,17,3,8723.68
515,206,4,2,8918.81
516,207,46,3,11465.14
517,208,18,3,9969.76
518,208,29,1,13164.06
519,209,29,1,13164.06
520,209,23,2,9579.43
521,210,16,2,8347.8
522,210,25,1,4158.73
523,210,6,1,9089.98
524,211,10,2,10517.37
525,211,9,2,12170.04
526,211,3,3,11148.92
527,212,29,1,13164.06
528,212,40,2,3883.5
529,212,1,1,11162.02
530,212,6,1,9089.98
531,213,8,2,3423.54
532,213,50,1,14309.47
533,213,19,1,12851.47
534,213,16,1,8347.8
535,214,5,3,1541.37
536,214,8,1,3423.54
537,214,32,3,3812.42
538,214,39,3,5817.05
539,215,19,1,12851.47
540,215,28,3,4125.95
541,216,12,2,1527.28
542,216,43,1,5201.61
543,216,6,3,9089.98
544,216,34,3,13482.67
545,217,25,2,4158.73
546,218,17,2,8723.68
547,218,48,1,7688.79
548,218,2,2,2222.14
549,219,50,3,14309.47
550,220,3,3,11148.92
551,220,23,2,9579.43
552,221,45,1,13156.42
553,221,31,1,6963.95
554,221,41,3,10252.21
555,221,12,2,1527.28
556,222,13,1,12735.29
557,223,35,3,3406.91
558,223,31,1,6963.95
559,223,17,2,8723.68
560,223,3,2,11148.92
561,224,18,2,9969.76
562,224,8,2,3423.54
563,224,24,3,3785.44
564,225,22,2,4114.62
565,225,12,2,1527.28
566,225,32,3,3812.42
567,225,45,2,13156.42
568,226,28,3,4125.95
569,227,7,3,10782.89
570,227,6,2,9089.98
571,227,21,2,5647.19
572,228,11,2,2458.87
573,228,45,1,13156.42
574,228,29,3,13164.06
575,228,23,2,9579.43
576,229,41,3,10252.21
577,229,4,3,8918.81
578,229,5,2,1541.37
579,230,2,3,2222.14
580,230,10,3,10517.37
581,231,16,3,8347.8
582,232,39,1,5817.05
583,233,24,1,3785.44
584,233,29,3,13164.06
585,233,49,1,5702.62
586,234,42,1,13289.11
587,234,18,1,9969.76
588,234,16,3,8347.8
589,235,36,2,7478.71
590,235,8,3,3423.54
591,235,17,2,8723.68
592,235,50,1,14309.47
593,236,13,2,12735.29
594,236,8,1,3423.54
595,236,9,3,12170.04
596,236,5,2,1541.37
597,237,43,1,5201.61
598,237,23,3,9579.43
599,237,46,3,11465.14
600,238,46,3,11465.14
601,238,45,1,13156.42
602,239,13,1,12735.29
603,240,24,3,3785.44
604,241,40,1,3883.5
605,241,6,2,9089.98
606,242,34,1,13482.67
607,242,27,1,12353.77
608,242,50,2,14309.47
609,242,37,3,2419.69
610,243,9,3,12170.04
611,243,50,3,14309.47
612,243,36,1,7478.71
613,244,33,1,4051.71
614,244,4,2,8918.81
615,244,8,1,3423.54
616,244,34,1,13482.67
617,245,23,2,9579.43
618,245,34,1,13482.67
619,246,9,3,12170.04
620,246,41,3,10252.21
621,246,20,1,4277.91
622,247,11,3,2458.87
623,247,43,3,5201.61
624,248,2,1,2222.14
625,249,42,3,13289.11
626,249,14,2,12135.85
627,249,50,3,14309.47
628,250,42,1,13289.11
629,250,20,3,4277.91
630,250,31,2,6963.95
631,251,11,2,2458.87
632,252,22,1,4114.62
633,252,39,2,5817.05
634,253,26,2,10316.52
635,253,9,3,12170.04
636,253,49,3,5702.62
637,254,8,1,3423.54
638,254,18,1,9969.76
639,254,29,1,13164.06
640,254,16,2,8347.8
641,255,16,3,8347.8
642,255,11,2,2458.87
643,255,21,1,5647.19
644,255,37,1,2419.69
645,256,32,2,3812.42
646,256,20,3,4277.91
647,256,2,2,2222.14
648,256,6,1,9089.98
649,257,4,2,8918.81
650,258,19,2,12851.47
651,258,35,1,3406.91
652,258,1,2,11162.02
653,258,7,3,10782.89
654,259,3,3,11148.92
655,259,26,3,10316.52
656,259,4,1,8918.81
657,260,25,3,4158.73
658,261,40,1,3883.5
659,261,44,1,2498.64
660,261,8,2,3423.54
661,262,36,1,7478.71
662,262,24,1,3785.44
663,262,49,3,5702.62
664,263,3,1,11148.92
665,264,34,3,13482.67
666,264,30,1,9883.26
667,264,10,2,10517.37
668,264,39,3,5817.05
669,265,38,3,6419.08
670,265,22,3,4114.62
671,265,33,2,4051.71
672,266,2,1,2222.14
673,266,24,2,3785.44
674,266,22,3,4114.62
675,266,44,2,2498.64
676,267,39,2,5817.05
677,268,47,3,13077.2
678,268,4,2,8918.81
679,269,10,3,10517.37
680,269,44,3,2498.64
681,269,16,1,8347.8
682,269,3,1,11148.92
683,270,10,2,10517.37
684,270,27,3,12353.77
685,270,45,3,13156.42
686,270,14,2,12135.85
687,271,34,3,13482.67
688,271,14,2,12135.85
689,272,21,2,5647.19
690,272,12,3,1527.28
691,272,30,2,9883.26
692,272,35,3,3406.91
693,273,40,1,3883.5
694,273,31,2,6963.95
695,273,13,3,12735.29
696,274,50,1,14309.47
697,274,19,3,12851.47
698,274,46,3,11465.14
699,275,36,2,7478.71
700,275,47,1,13077.2
701,275,18,3,9969.76
702,276,23,1,9579.43
703,276,50,2,14309.47
704,276,10,3,10517.37
705,276,19,1,12851.47
706,277,48,1,7688.79
707,277,31,3,6963.95
708,277,14,2,12135.85
709,278,7,3,10782.89
710,278,40,3,3883.5
711,279,41,1,10252.21
712,279,15,1,2003.67
713,280,7,1,10782.89
714,280,44,3,2498.64
715,280,50,1,14309.47
716,280,9,2,12170.04
717,281,31,2,6963.95
718,281,42,2,13289.11
719,281,13,2,12735.29
720,281,49,3,5702.62
721,282,42,3,13289.11
722,283,12,2,1527.28
723,284,26,2,10316.52
724,285,3,3,11148.92
725,285,1,3,11162.02
726,285,20,1,4277.91
727,286,9,1,12170.04
728,286,33,1,4051.71
729,286,30,2,9883.26
730,286,18,1,9969.76
731,287,46,3,11465.14
732,287,12,2,1527.28
733,287,1,2,11162.02
734,288,12,3,1527.28
735,288,40,2,3883.5
736,289,26,3,10316.52
737,290,31,1,6963.95
738,290,21,1,5647.19
739,291,49,3,5702.62
740,291,18,3,9969.76
741,291,22,3,4114.62
742,291,20,1,4277.91
743,292,4,1,8918.81
744,292,43,2,5201.61
745,293,45,2,13156.42
746,293,8,2,3423.54
747,293,41,3,10252.21
748,294,31,2,6963.95
749,294,10,3,10517.37
750,295,49,1,5702.62
751,295,35,3,3406.91
752,295,43,3,5201.61
753,295,14,1,12135.85
754,296,5,1,1541.37
755,296,37,3,2419.69
756,296,8,3,3423.54
757,297,11,3,2458.87
758,297,21,2,5647.19
759,298,6,2,9089.98
760,298,33,1,4051.71
761,298,29,3,13164.06
762,298,4,2,8918.81
763,299,44,2,2498.64
764,299,20,2,4277.91
765,299,47,1,13077.2
766,299,2,3,2222.14
767,300,28,2,4125.95
768,301,5,2,1541.37
769,302,50,3,14309.47
770,302,9,3,12170.04
771,303,25,3,4158.73
772,303,29,3,13164.06
773,303,6,3,9089.98
774,304,8,2,3423.54
775,304,12,3,1527.28
776,304,35,1,3406.91
777,305,49,1,5702.62
778,306,35,2,3406.91
779,306,25,2,4158.73
780,306,15,1,2003.67
781,306,16,2,8347.8
782,307,3,3,11148.92
783,308,16,1,8347.8
784,309,29,3,13164.06
785,310,16,3,8347.8
786,311,35,1,3406.91
787,311,14,1,12135.85
788,312,47,2,13077.2
789,312,37,3,2419.69
790,313,16,3,8347.8
791,313,20,3,4277.91
792,313,10,1,10517.37
793,314,36,3,7478.71
794,315,36,3,7478.71
795,315,32,3,3812.42
796,315,4,2,8918.81
797,315,23,3,9579.43
798,316,10,3,10517.37
799,316,20,2,4277.91
800,316,25,1,4158.73
801,316,12,1,1527.28
802,317,30,3,9883.26
803,317,4,2,8918.81
804,318,25,2,4158.73
805,318,16,1,8347.8
806,319,24,1,3785.44
807,319,6,1,9089.98
808,319,35,2,3406.91
809,319,47,2,13077.2
810,320,5,1,1541.37
811,321,31,2,6963.95
812,321,14,2,12135.85
813,322,48,3,7688.79
814,322,8,2,3423.54
815,323,26,3,10316.52
816,323,16,2,8347.8
817,324,35,2,3406.91
818,324,42,2,13289.11
819,324,23,3,9579.43
820,324,20,2,4277.91
821,325,49,2,5702.62
822,325,21,2,5647.19
823,325,14,1,12135.85
824,325,24,3,3785.44
825,326,17,3,8723.68
826,327,19,1,12851.47
827,327,10,2,10517.37
828,327,13,3,12735.29
829,327,22,1,4114.62
830,328,17,3,8723.68
831,328,49,3,5702.62
832,328,32,3,3812.42
833,329,11,3,2458.87
834,329,9,2,12170.04
835,329,47,1,13077.2
836,330,34,1,13482.67
837,331,49,1,5702.62
838,332,5,1,1541.37
839,332,46,1,11465.14
840,333,4,3,8918.81
841,333,40,3,3883.5
842,333,41,2,10252.21
843,334,35,3,3406.91
844,335,35,3,3406.91
845,335,19,3,12851.47
846,335,2,3,2222.14
847,336,7,1,10782.89
848,336,34,1,13482.67
849,337,23,1,9579.43
850,337,18,2,9969.76
851,337,26,2,10316.52
852,338,20,1,4277.91
853,338,44,3,2498.64
854,339,26,2,10316.52
855,340,41,1,10252.21
856,341,28,1,4125.95
857,341,42,3,13289.11
858,341,22,1,4114.62
859,341,37,1,2419.69
860,342,18,2,9969.76
861,342,3,3,11148.92
862,342,5,3,1541.37
863,342,44,3,2498.64
864,343,2,1,2222.14
865,343,14,3,12135.85
866,343,38,2,6419.08
867,344,37,3,2419.69
868,344,25,3,4158.73
869,345,45,1,13156.42
870,345,47,3,13077.2
871,346,7,2,10782.89
872,347,39,3,5817.05
873,347,50,2,14309.47
874,347,40,2,3883.5
875,348,32,2,3812.42
876,348,15,2,2003.67
877,348,23,1,9579.43
878,348,36,3,7478.71
879,349,50,3,14309.47
880,350,6,2,9089.98
881,351,48,2,7688.79
882,351,25,2,4158.73
883,352,29,2,13164.06
884,352,24,1,3785.44
885,352,49,1,5702.62
886,353,36,1,7478.71
887,353,33,1,4051.71
888,353,27,2,12353.77
889,353,7,3,10782.89
890,354,25,2,4158.73
891,354,1,2,11162.02
892,354,19,1,12851.47
893,355,37,1,2419.69
894,355,34,3,13482.67
895,356,20,1,4277.91
896,356,18,1,9969.76
897,356,32,1,3812.42
898,357,31,2,6963.95
899,357,5,1,1541.37
900,357,24,3,3785.44
901,358,30,1,9883.26
902,358,7,2,10782.89
903,359,40,2,3883.5
904,359,25,2,4158.73
905,359,22,2,4114.62
906,360,20,3,4277.91
907,360,21,3,5647.19
908,361,26,2,10316.52
909,361,21,3,5647.19
910,362,21,2,5647.19
911,362,25,2,4158.73
912,363,38,1,6419.08
913,363,35,3,3406.91
914,364,46,3,11465.14
915,364,14,1,12135.85
916,364,29,2,13164.06
917,364,19,3,12851.47
918,365,16,1,8347.8
919,365,17,3,8723.68
920,365,43,2,5201.61
921,366,38,3,6419.08
922,366,26,2,10316.52
923,366,35,3,3406.91
924,366,33,1,4051.71
925,367,7,1,10782.89
926,368,42,1,13289.11
927,368,40,3,3883.5
928,369,49,1,5702.62
929,369,22,1,4114.62
930,369,28,2,4125.95
931,369,7,1,10782.89
932,370,29,2,13164.06
933,370,24,2,3785.44
934,371,23,2,9579.43
935,371,2,1,2222.14
936,372,8,3,3423.54
937,373,30,2,9883.26
938,373,14,2,12135.85
939,373,34,2,13482.67
940,374,21,3,5647.19
941,374,5,1,1541.37
942,374,20,1,4277.91
943,374,3,2,11148.92
944,375,48,3,7688.79
945,375,16,1,8347.8
946,376,30,1,9883.26
947,376,15,1,2003.67
948,376,26,3,10316.52
949,376,41,3,10252.21
950,377,29,2,13164.06
951,377,38,2,6419.08
952,378,18,3,9969.76
953,378,49,1,5702.62
954,379,24,1,3785.44
955,379,21,2,5647.19
956,380,34,2,13482.67
957,380,41,3,10252.21
958,380,21,2,5647.19
959,380,39,3,5817.05
960,381,40,2,3883.5
961,381,12,3,1527.28
962,381,44,3,2498.64
963,381,46,1,11465.14
964,382,16,2,8347.8
965,383,33,2,4051.71
966,383,25,3,4158.73
967,384,12,3,1527.28
968,384,32,3,3812.42
969,384,41,1,10252.21
970,384,35,3,3406.91
971,385,12,2,1527.28
972,385,21,3,5647.19
973,386,32,1,3812.42
974,387,27,2,12353.77
975,387,44,2,2498.64
976,387,32,1,3812.42
977,387,46,1,11465.14
978,388,19,2,12851.47
979,388,3,1,11148.92
980,389,37,3,2419.69
981,389,48,3,7688.79
982,389,50,1,14309.47
983,389,32,3,3812.42
984,390,35,3,3406.91
985,390,49,2,5702.62
986,390,3,3,11148.92
987,391,48,3,7688.79
988,392,29,2,13164.06
989,393,29,1,13164.06
990,394,48,3,7688.79
991,394,38,2,6419.08
992,395,11,1,2458.87
993,395,40,1,3883.5
994,395,9,3,12170.04
995,395,14,2,12135.85
996,396,21,2,5647.19
997,396,46,2,11465.14
998,397,9,2,12170.04
999,398,45,1,13156.42
1000,398,9,1,12170.04
1001,399,49,2,5702.62
1002,399,44,2,2498.64
1003,400,41,2,10252.21
1004,400,27,1,12353.77
1005,400,25,3,4158.73
1006,401,45,2,13156.42
1007,401,24,2,3785.44
1008,401,30,3,9883.26
1009,402,47,2,13077.2
1010,403,5,1,1541.37
1011,403,35,2,3406.91
1012,403,26,1,10316.52
1013,404,22,1,4114.62
1014,404,36,3,7478.71
1015,404,37,2,2419.69
1016,405,3,1,11148.92
1017,406,2,2,2222.14
1018,406,8,1,3423.54
1019,406,11,2,2458.87
1020,406,29,1,13164.06
1021,407,11,3,2458.87
1022,407,18,2,9969.76
1023,407,6,2,9089.98
1024,408,4,3,8918.81
1025,408,26,2,10316.52
1026,409,28,1,4125.95
1027,409,42,3,13289.11
1028,410,5,3,1541.37
1029,410,9,3,12170.04
1030,410,38,2,6419.08
1031,410,15,1,2003.67
1032,411,28,3,4125.95
1033,412,25,3,4158.73
1034,412,6,1,9089.98
1035,413,9,1,12170.04
1036,413,25,3,4158.73
1037,413,50,3,14309.47
1038,414,40,3,3883.5
1039,415,41,1,10252.21
1040,415,48,2,7688.79
1041,416,6,1,9089.98
1042,416,7,1,10782.89
1043,417,28,1,4125.95
1044,417,21,2,5647.19
1045,417,9,3,12170.04
1046,418,50,3,14309.47
1047,418,45,2,13156.42
1048,418,2,1,2222.14
1049,419,48,2,7688.79
1050,419,26,3,10316.52
1051,420,32,1,3812.42
1052,420,25,1,4158.73
1053,421,34,1,13482.67
1054,422,25,2,4158.73
1055,422,37,2,2419.69
1056,423,50,1,14309.47
1057,423,5,1,1541.37
1058,423,2,2,2222.14
1059,423,38,1,6419.08
1060,424,33,3,4051.71
1061,424,19,2,12851.47
1062,424,41,2,10252.21
1063,424,46,3,11465.14
1064,425,18,2,9969.76
1065,425,6,1,9089.98
1066,426,35,2,3406.91
1067,426,21,3,5647.19
1068,427,20,3,4277.91
1069,428,4,1,8918.81
1070,428,16,2,8347.8
1071,429,20,3,4277.91
1072,430,8,3,3423.54
1073,430,1,1,11162.02
1074,431,23,1,9579.43
1075,431,34,2,13482.67
1076,431,47,1,13077.2
1077,431,17,3,8723.68
1078,432,50,1,14309.47
1079,433,34,3,13482.67
1080,433,5,3,1541.37
1081,433,17,3,8723.68
1082,434,4,1,8918.81
1083,434,32,2,3812.42
1084,434,37,1,2419.69
1085,435,15,3,2003.67
1086,436,16,1,8347.8
1087,437,12,3,1527.28
1088,437,3,3,11148.92
1089,438,21,2,5647.19
1090,438,16,3,8347.8
1091,439,37,2,2419.69
1092,440,12,1,1527.28
1093,441,5,2,1541.37
1094,441,30,2,9883.26
1095,441,19,1,12851.47
1096,441,50,3,14309.47
1097,442,19,2,12851.47
1098,442,37,3,2419.69
1099,443,38,1,6419.08
1100,443,32,3,3812.42
1101,443,50,3,14309.47
1102,444,1,1,11162.02
1103,444,27,1,12353.77
1104,445,22,1,4114.62
1105,446,7,1,10782.89
1106,446,14,2,12135.85
1107,446,34,2,13482.67
1108,447,46,1,11465.14
1109,447,18,1,9969.76
1110,448,45,1,13156.42
1111,448,24,3,3785.44
1112,448,30,1,9883.26
1113,448,48,3,7688.79
1114,449,5,2,1541.37
1115,449,38,3,6419.08
1116,449,37,1,2419.69
1117,449,4,1,8918.81
1118,450,26,2,10316.52
1119,450,45,2,13156.42
1120,450,48,2,7688.79
1121,451,9,3,12170.04
1122,451,50,1,14309.47
1123,452,30,3,9883.26
1124,452,21,2,5647.19
1125,452,27,1,12353.77
1126,452,8,2,3423.54
1127,453,6,1,9089.98
1128,454,14,2,12135.85
1129,455,23,3,9579.43
1130,455,26,1,10316.52
1131,456,2,2,2222.14
1132,456,26,3,10316.52
1133,457,30,1,9883.26
1134,458,50,1,14309.47
1135,459,24,1,3785.44
1136,459,44,3,2498.64
1137,459,41,3,10252.21
1138,459,42,2,13289.11
1139,460,13,3,12735.29
1140,461,22,1,4114.62
1141,462,11,3,2458.87
1142,463,32,2,3812.42
1143,463,2,1,2222.14
1144,463,25,2,4158.73
1145,463,44,1,2498.64
1146,464,10,3,10517.37
1147,464,3,2,11148.92
1148,464,40,2,3883.5
1149,464,16,2,8347.8
1150,465,18,2,9969.76
1151,466,41,1,10252.21
1152,466,35,2,3406.91
1153,467,23,2,9579.43
1154,467,37,2,2419.69
1155,467,33,1,4051.71
1156,467,21,1,5647.19
1157,468,50,2,14309.47
1158,469,34,1,13482.67
1159,469,23,1,9579.43
1160,469,50,1,14309.47
1161,469,38,1,6419.08
1162,470,49,1,5702.62
1163,471,23,2,9579.43
1164,471,12,3,1527.28
1165,471,16,3,8347.8
1166,471,38,2,6419.08
1167,472,37,2,2419.69
1168,472,10,3,10517.37
1169,472,13,2,12735.29
1170,473,4,1,8918.81
1171,474,1,1,11162.02
1172,474,22,2,4114.62
1173,474,40,3,3883.5
1174,474,13,1,12735.29
1175,475,38,1,6419.08
1176,475,46,1,11465.14
1177,476,24,3,3785.44
1178,477,22,2,4114.62
1179,478,47,3,13077.2
1180,478,28,2,4125.95
1181,479,15,1,2003.67
1182,479,43,2,5201.61
1183,479,38,2,6419.08
1184,480,12,1,1527.28
1185,480,47,3,13077.2
1186,481,12,3,1527.28
1187,482,41,1,10252.21
1188,482,37,2,2419.69
1189,483,16,2,8347.8
1190,484,46,3,11465.14
1191,485,29,1,13164.06
1192,485,1,1,11162.02
1193,485,17,3,8723.68
1194,486,47,1,13077.2
1195,487,11,2,2458.87
1196,487,27,3,12353.77
1197,487,32,2,3812.42
1198,487,25,1,4158.73
1199,488,11,1,2458.87
1200,488,29,1,13164.06
1201,489,7,1,10782.89
1202,489,5,2,1541.37
1203,489,22,1,4114.62
1204,490,22,3,4114.62
1205,491,28,3,4125.95
1206,492,11,1,2458.87
1207,492,4,1,8918.81
1208,492,7,2,10782.89
1209,492,22,3,4114.62
1210,493,43,1,5201.61
1211,493,19,1,12851.47
1212,493,20,1,4277.91
1213,494,10,2,10517.37
1214,494,4,1,8918.81
1215,494,24,2,3785.44
1216,494,1,3,11162.02
1217,495,7,1,10782.89
1218,495,2,1,2222.14
1219,496,31,1,6963.95
1220,497,32,3,3812.42
1221,497,43,3,5201.61
1222,497,17,2,8723.68
1223,497,6,1,9089.98
1224,498,12,2,1527.28
1225,498,29,2,13164.06
1226,498,3,2,11148.92
1227,499,37,3,2419.69
1228,499,4,3,8918.81
1229,499,10,1,10517.37
1230,500,49,1,5702.62
1231,500,38,2,6419.08
1232,500,15,3,2003.67
1233,500,36,2,7478.71
1234,501,37,1,2419.69
1235,501,16,2,8347.8
1236,501,31,3,6963.95
1237,501,20,1,4277.91
1238,502,8,2,3423.54
1239,502,49,1,5702.62
1240,503,9,2,12170.04
1241,503,3,1,11148.92
1242,504,39,2,5817.05
1243,504,17,3,8723.68
1244,505,36,2,7478.71
1245,505,21,1,5647.19
1246,505,18,3,9969.76
1247,505,34,3,13482.67
1248,506,8,3,3423.54
1249,506,27,3,12353.77
1250,506,10,1,10517.37
1251,506,37,1,2419.69
1252,507,35,2,3406.91
1253,507,23,2,9579.43
1254,507,27,3,12353.77
1255,508,3,1,11148.92
1256,508,12,3,1527.28
1257,508,18,3,9969.76
1258,508,26,3,10316.52
1259,509,22,3,4114.62
1260,509,45,2,13156.42
1261,509,16,2,8347.8
1262,509,4,2,8918.81
1263,510,20,3,4277.91
1264,510,18,3,9969.76
1265,510,32,1,3812.42
1266,511,50,2,14309.47
1267,511,21,3,5647.19
1268,511,18,3,9969.76
1269,511,47,1,13077.2
1270,512,48,2,7688.79
1271,512,32,1,3812.42
1272,512,49,3,5702.62
1273,512,34,1,13482.67
1274,513,9,1,12170.04
1275,513,50,1,14309.47
1276,513,34,1,13482.67
1277,513,37,1,2419.69
1278,514,4,2,8918.81
1279,514,24,2,3785.44
1280,514,46,2,11465.14
1281,514,13,3,12735.29
1282,515,44,1,2498.64
1283,516,12,2,1527.28
1284,516,31,2,6963.95
1285,516,38,1,6419.08
1286,516,36,2,7478.71
1287,517,19,1,12851.47
1288,518,15,1,2003.67
1289,518,42,3,13289.11
1290,519,33,1,4051.71
1291,519,2,2,2222.14
1292,519,50,1,14309.47
1293,519,44,3,2498.64
1294,520,15,2,2003.67
1295,521,46,2,11465.14
1296,521,42,2,13289.11
1297,521,18,2,9969.76
1298,522,20,2,4277.91
1299,522,44,3,2498.64
1300,522,34,1,13482.67
1301,522,40,1,3883.5
1302,523,36,3,7478.71
1303,523,42,2,13289.11
1304,523,39,2,5817.05
1305,524,22,2,4114.62
1306,525,17,3,8723.68
1307,525,42,2,13289.11
1308,525,46,1,11465.14
1309,526,4,2,8918.81
1310,526,39,3,5817.05
1311,527,42,2,13289.11
1312,528,26,3,10316.52
1313,528,25,3,4158.73
1314,528,48,3,7688.79
1315,528,3,1,11148.92
1316,529,44,3,2498.64
1317,529,35,2,3406.91
1318,530,11,1,2458.87
1319,530,43,2,5201.61
1320,530,36,1,7478.71
1321,531,47,1,13077.2
1322,531,36,3,7478.71
1323,531,49,2,5702.62
1324,532,15,2,2003.67
1325,532,48,2,7688.79
1326,532,20,2,4277.91
1327,533,8,3,3423.54
1328,533,31,3,6963.95
1329,533,4,3,8918.81
1330,533,41,1,10252.21
1331,534,44,2,2498.64
1332,535,10,1,10517.37
1333,536,10,1,10517.37
1334,536,21,2,5647.19
1335,536,46,2,11465.14
1336,536,12,3,1527.28
1337,537,1,2,11162.02
1338,538,37,1,2419.69
1339,538,49,2,5702.62
1340,539,40,3,3883.5
1341,539,28,2,4125.95
1342,540,25,1,4158.73
1343,540,1,3,11162.02
1344,540,3,2,11148.92
1345,540,35,1,3406.91
1346,541,2,1,2222.14
1347,541,44,3,2498.64
1348,542,20,2,4277.91
1349,542,9,3,12170.04
1350,542,7,3,10782.89
1351,543,20,2,4277.91
1352,544,28,2,4125.95
1353,544,44,2,2498.64
1354,544,9,2,12170.04
1355,545,2,1,2222.14
1356,545,15,3,2003.67
1357,545,47,1,13077.2
1358,545,9,3,12170.04
1359,546,46,2,11465.14
1360,546,42,3,13289.11
1361,546,3,2,11148.92
1362,547,39,1,5817.05
1363,548,4,3,8918.81
1364,549,8,3,3423.54
1365,549,36,1,7478.71
1366,549,17,1,8723.68
1367,549,31,3,6963.95
1368,550,27,3,12353.77
1369,550,43,3,5201.61
1370,550,7,2,10782.89
1371,551,27,3,12353.77
1372,551,7,3,10782.89
1373,552,7,2,10782.89
1374,553,34,3,13482.67
1375,553,13,2,12735.29
1376,553,23,2,9579.43
1377,554,14,1,12135.85
1378,554,45,1,13156.42
1379,554,31,1,6963.95
1380,554,22,3,4114.62
1381,555,10,1,10517.37
1382,555,6,3,9089.98
1383,555,50,3,14309.47
1384,555,33,1,4051.71
1385,556,19,1,12851.47
1386,556,17,1,8723.68
1387,556,30,1,9883.26
1388,556,4,2,8918.81
1389,557,28,1,4125.95
1390,557,48,1,7688.79
1391,557,8,1,3423.54
1392,558,22,2,4114.62
1393,558,23,3,9579.43
1394,559,24,2,3785.44
1395,560,30,2,9883.26
1396,560,18,2,9969.76
1397,560,25,3,4158.73
1398,560,45,1,13156.42
1399,561,11,1,2458.87
1400,562,37,3,2419.69
1401,562,44,2,2498.64
1402,562,29,2,13164.06
1403,562,12,3,1527.28
1404,563,31,1,6963.95
1405,563,32,2,3812.42
1406,564,42,3,13289.11
1407,564,21,3,5647.19
1408,564,1,3,11162.02
1409,565,43,3,5201.61
1410,565,22,3,4114.62
1411,566,28,3,4125.95
1412,567,43,2,5201.61
1413,567,44,1,2498.64
1414,567,42,3,13289.11
1415,568,33,2,4051.71
1416,568,31,1,6963.95
1417,569,16,1,8347.8
1418,569,22,3,4114.62
1419,569,18,1,9969.76
1420,570,16,3,8347.8
1421,570,6,2,9089.98
1422,570,30,1,9883.26
1423,570,29,2,13164.06
1424,571,48,2,7688.79
1425,571,42,2,13289.11
1426,571,2,1,2222.14
1427,571,7,3,10782.89
1428,572,39,3,5817.05
1429,573,42,2,13289.11
1430,573,43,2,5201.61
1431,574,30,3,9883.26
1432,574,22,3,4114.62
1433,575,46,1,11465.14
1434,575,29,3,13164.06
1435,575,8,1,3423.54
1436,576,36,3,7478.71
1437,576,34,1,13482.67
1438,576,24,1,3785.44
1439,577,7,1,10782.89
1440,577,17,1,8723.68
1441,577,40,2,3883.5
1442,577,13,1,12735.29
1443,578,46,1,11465.14
1444,578,22,2,4114.62
1445,579,50,2,14309.47
1446,580,32,3,3812.42
1447,580,1,3,11162.02
1448,581,38,1,6419.08
1449,581,31,3,6963.95
1450,581,33,3,4051.71
1451,581,50,1,14309.47
1452,582,25,3,4158.73
1453,583,33,3,4051.71
1454,583,25,3,4158.73
1455,583,27,1,12353.77
1456,584,19,1,12851.47
1457,584,29,2,13164.06
1458,584,9,3,12170.04
1459,585,45,3,13156.42
1460,585,36,3,7478.71
1461,585,21,3,5647.19
1462,586,40,2,3883.5
1463,586,46,3,11465.14
1464,587,46,1,11465.14
1465,587,42,3,13289.11
1466,588,46,2,11465.14
1467,588,8,3,3423.54
1468,588,49,2,5702.62
1469,589,44,2,2498.64
1470,589,48,1,7688.79
1471,589,35,3,3406.91
1472,589,19,1,12851.47
1473,590,43,1,5201.61
1474,591,19,2,12851.47
1475,591,44,1,2498.64
1476,592,14,1,12135.85
1477,592,49,2,5702.62
1478,592,35,2,3406.91
1479,593,48,3,7688.79
1480,593,42,2,13289.11
1481,594,45,2,13156.42
1482,594,43,2,5201.61
1483,594,4,2,8918.81
1484,595,1,3,11162.02
1485,596,15,2,2003.67
1486,596,41,3,10252.21
1487,596,46,3,11465.14
1488,596,42,3,13289.11
1489,597,19,1,12851.47
1490,597,29,3,13164.06
1491,598,48,1,7688.79
1492,598,33,2,4051.71
1493,599,9,2,12170.04
1494,599,11,1,2458.87
1495,599,38,2,6419.08
1496,600,3,2,11148.92
1497,600,10,3,10517.37
1498,601,32,2,3812.42
1499,601,37,1,2419.69
1500,601,36,3,7478.71
1501,602,34,3,13482.67
1502,602,5,1,1541.37
1503,603,6,3,9089.98
1504,603,23,2,9579.43
1505,603,15,2,2003.67
1506,603,14,2,12135.85
1507,604,36,1,7478.71
1508,604,49,3,5702.62
1509,604,42,2,13289.11
1510,604,1,2,11162.02
1511,605,3,2,11148.92
1512,605,44,2,2498.64
1513,606,2,2,2222.14
1514,606,34,3,13482.67
1515,606,50,3,14309.47
1516,607,42,3,13289.11
1517,607,13,1,12735.29
1518,607,21,1,5647.19
1519,608,41,1,10252.21
1520,609,44,1,2498.64
1521,609,28,1,4125.95
1522,610,42,1,13289.11
1523,610,5,1,1541.37
1524,610,48,2,7688.79
1525,610,44,3,2498.64
1526,611,4,1,8918.81
1527,612,17,2,8723.68
1528,612,27,2,12353.77
1529,613,2,1,2222.14
1530,613,25,3,4158.73
1531,613,44,1,2498.64
1532,614,49,3,5702.62
1533,615,23,3,9579.43
1534,616,39,2,5817.05
1535,616,6,2,9089.98
1536,616,19,2,12851.47
1537,617,35,1,3406.91
1538,617,15,3,2003.67
1539,618,41,3,10252.21
1540,618,10,3,10517.37
1541,618,20,3,4277.91
1542,619,36,3,7478.71
1543,620,37,3,2419.69
1544,621,20,1,4277.91
1545,622,14,3,12135.85
1546,622,27,1,12353.77
1547,622,42,1,13289.11
1548,623,13,3,12735.29
1549,623,8,3,3423.54
1550,623,12,1,1527.28
1551,624,42,3,13289.11
1552,624,36,1,7478.71
1553,624,5,2,1541.37
1554,624,19,1,12851.47
1555,625,22,3,4114.62
1556,625,23,1,9579.43
1557,625,9,1,12170.04
1558,625,43,2,5201.61
1559,626,21,2,5647.19
1560,626,32,2,3812.42
1561,627,37,2,2419.69
1562,627,24,2,3785.44
1563,628,15,3,2003.67
1564,628,46,3,11465.14
1565,629,9,2,12170.04
1566,629,44,2,2498.64
1567,629,47,2,13077.2
1568,630,32,1,3812.42
1569,630,36,3,7478.71
1570,630,7,3,10782.89
1571,631,35,2,3406.91
1572,631,13,3,12735.29
1573,632,2,3,2222.14
1574,633,50,3,14309.47
1575,633,38,2,6419.08
1576,633,14,3,12135.85
1577,633,3,3,11148.92
1578,634,24,1,3785.44
1579,634,26,3,10316.52
1580,635,30,3,9883.26
1581,635,33,1,4051.71
1582,636,43,1,5201.61
1583,637,29,1,13164.06
1584,637,11,3,2458.87
1585,638,48,2,7688.79
1586,638,47,2,13077.2
1587,639,15,1,2003.67
1588,639,5,1,1541.37
1589,639,17,3,8723.68
1590,639,24,1,3785.44
1591,640,25,1,4158.73
1592,640,31,1,6963.95
1593,640,30,3,9883.26
1594,641,48,3,7688.79
1595,641,17,3,8723.68
1596,641,38,1,6419.08
1597,642,38,3,6419.08
1598,642,42,2,13289.11
1599,642,5,2,1541.37
1600,643,23,3,9579.43
1601,643,32,1,3812.42
1602,643,31,3,6963.95
1603,644,5,3,1541.37
1604,644,33,2,4051.71
1605,645,24,3,3785.44
1606,645,39,1,5817.05
1607,646,47,3,13077.2
1608,646,8,2,3423.54
1609,646,31,2,6963.95
1610,647,2,3,2222.14
1611,647,16,3,8347.8
1612,647,3,1,11148.92
1613,647,9,1,12170.04
1614,648,4,2,8918.81
1615,648,11,1,2458.87
1616,649,47,3,13077.2
1617,650,14,2,12135.85
1618,651,11,1,2458.87
1619,651,15,3,2003.67
1620,651,27,1,12353.77
1621,651,39,3,5817.05
1622,652,47,2,13077.2
1623,652,44,2,2498.64
1624,653,25,1,4158.73
1625,653,9,1,12170.04
1626,654,10,2,10517.37
1627,654,39,3,5817.05
1628,654,7,3,10782.89
1629,654,12,1,1527.28
1630,655,6,2,9089.98
1631,656,50,3,14309.47
1632,657,24,2,3785.44
1633,657,3,1,11148.92
1634,657,45,2,13156.42
1635,657,34,2,13482.67
1636,658,28,1,4125.95
1637,659,6,3,9089.98
1638,659,19,3,12851.47
1639,660,46,3,11465.14
1640,661,34,1,13482.67
1641,662,27,1,12353.77
1642,662,24,2,3785.44
1643,662,7,3,10782.89
1644,663,37,3,2419.69
1645,663,24,2,3785.44
1646,663,40,1,3883.5
1647,663,18,2,9969.76
1648,664,12,2,1527.28
1649,664,24,2,3785.44
1650,664,36,3,7478.71
1651,664,31,2,6963.95
1652,665,43,3,5201.61
1653,665,8,1,3423.54
1654,666,7,3,10782.89
1655,666,14,2,12135.85
1656,667,11,2,2458.87
1657,668,10,2,10517.37
1658,669,17,1,8723.68
1659,670,47,2,13077.2
1660,671,46,1,11465.14
1661,671,39,3,5817.05
1662,671,4,2,8918.81
1663,672,13,3,12735.29
1664,672,3,3,11148.92
1665,672,39,3,5817.05
1666,673,24,1,3785.44
1667,674,6,2,9089.98
1668,674,18,2,9969.76
1669,675,34,3,13482.67
1670,675,1,3,11162.02
1671,676,47,2,13077.2
1672,676,36,2,7478.71
1673,676,38,2,6419.08
1674,677,30,3,9883.26
1675,677,26,1,10316.52
1676,678,36,1,7478.71
1677,679,33,2,4051.71
1678,680,45,3,13156.42
1679,680,29,2,13164.06
1680,680,25,1,4158.73
1681,681,44,2,2498.64
1682,681,30,1,9883.26
1683,681,38,2,6419.08
1684,681,2,1,2222.14
1685,682,44,1,2498.64
1686,682,45,2,13156.42
1687,683,45,2,13156.42
1688,684,44,3,2498.64
1689,684,48,1,7688.79
1690,684,22,2,4114.62
1691,684,5,2,1541.37
1692,685,12,1,1527.28
1693,685,48,2,7688.79
1694,685,44,3,2498.64
1695,686,17,1,8723.68
1696,686,14,1,12135.85
1697,687,10,1,10517.37
1698,687,50,1,14309.47
1699,687,7,3,10782.89
1700,688,49,3,5702.62
1701,689,40,3,3883.5
1702,689,21,2,5647.19
1703,689,32,2,3812.42
1704,690,26,3,10316.52
1705,690,15,1,2003.67
1706,690,49,1,5702.62
1707,691,35,2,3406.91
1708,691,3,3,11148.92
1709,691,33,1,4051.71
1710,691,23,2,9579.43
1711,692,21,1,5647.19
1712,692,45,2,13156.42
1713,692,1,3,11162.02
1714,692,44,1,2498.64
1715,693,12,1,1527.28
1716,693,36,2,7478.71
1717,693,17,2,8723.68
1718,694,32,1,3812.42
1719,694,28,2,4125.95
1720,695,26,1,10316.52
1721,695,18,3,9969.76
1722,695,29,1,13164.06
1723,696,47,2,13077.2
1724,697,13,1,12735.29
1725,697,10,1,10517.37
1726,697,48,2,7688.79
1727,697,31,2,6963.95
1728,698,32,3,3812.42
1729,698,20,3,4277.91
1730,698,17,1,8723.68
1731,699,4,2,8918.81
1732,699,14,2,12135.85
1733,700,17,3,8723.68
1734,700,24,2,3785.44
1735,700,36,2,7478.71
1736,701,44,3,2498.64
1737,701,39,3,5817.05
1738,701,13,3,12735.29
1739,702,23,3,9579.43
1740,702,21,2,5647.19
1741,702,44,3,2498.64
1742,703,40,1,3883.5
1743,703,19,1,12851.47
1744,703,30,3,9883.26
1745,703,41,2,10252.21
1746,704,5,1,1541.37
1747,704,6,2,9089.98
1748,704,11,2,2458.87
1749,704,22,3,4114.62
1750,705,18,3,9969.76
1751,705,29,3,13164.06
1752,705,50,3,14309.47
1753,705,24,2,3785.44
1754,706,9,3,12170.04
1755,707,14,1,12135.85
1756,708,31,3,6963.95
1757,709,34,2,13482.67
1758,709,49,3,5702.62
1759,709,6,1,9089.98
1760,709,7,1,10782.89
1761,710,20,2,4277.91
1762,710,15,2,2003.67
1763,710,16,3,8347.8
1764,710,48,1,7688.79
1765,711,2,3,2222.14
1766,711,3,2,11148.92
1767,712,35,1,3406.91
1768,712,18,3,9969.76
1769,712,36,3,7478.71
1770,712,29,1,13164.06
1771,713,34,2,13482.67
1772,713,41,2,10252.21
1773,713,35,3,3406.91
1774,713,20,1,4277.91
1775,714,27,2,12353.77
1776,714,17,1,8723.68
1777,714,10,1,10517.37
1778,715,23,2,9579.43
1779,715,19,3,12851.47
1780,716,49,2,5702.62
1781,716,31,2,6963.95
1782,716,20,3,4277.91
1783,716,1,1,11162.02
1784,717,27,2,12353.77
1785,717,36,2,7478.71
1786,718,25,2,4158.73
1787,718,15,3,2003.67
1788,718,17,1,8723.68
1789,718,6,3,9089.98
1790,719,19,3,12851.47
1791,719,42,2,13289.11
1792,719,48,2,7688.79
1793,720,9,1,12170.04
1794,720,19,3,12851.47
1795,721,45,1,13156.42
1796,721,40,2,3883.5
1797,721,32,1,3812.42
1798,722,12,1,1527.28
1799,723,47,1,13077.2
1800,723,1,1,11162.02
1801,723,15,2,2003.67
1802,723,6,1,9089.98
1803,724,24,2,3785.44
1804,724,30,1,9883.26
1805,724,45,1,13156.42
1806,724,3,1,11148.92
1807,725,35,2,3406.91
1808,726,25,3,4158.73
1809,726,1,1,11162.02
1810,726,8,2,3423.54
1811,727,48,1,7688.79
1812,727,3,2,11148.92
1813,728,31,3,6963.95
1814,728,25,2,4158.73
1815,729,48,3,7688.79
1816,730,41,1,10252.21
1817,730,20,3,4277.91
1818,730,13,1,12735.29
1819,730,24,1,3785.44
1820,731,1,3,11162.02
1821,731,11,1,2458.87
1822,731,18,2,9969.76
1823,732,38,3,6419.08
1824,733,24,1,3785.44
1825,733,50,1,14309.47
1826,734,49,1,5702.62
1827,734,41,2,10252.21
1828,734,4,3,8918.81
1829,735,9,2,12170.04
1830,736,29,1,13164.06
1831,736,47,3,13077.2
1832,736,13,2,12735.29
1833,737,3,2,11148.92
1834,737,32,3,3812.42
1835,737,46,2,11465.14
1836,738,37,3,2419.69
1837,738,12,2,1527.28
1838,739,39,1,5817.05
1839,739,36,3,7478.71
1840,739,11,1,2458.87
1841,740,35,1,3406.91
1842,740,24,3,3785.44
1843,740,30,3,9883.26
1844,741,40,2,3883.5
1845,742,47,3,13077.2
1846,742,5,2,1541.37
1847,742,43,1,5201.61
1848,743,40,2,3883.5
1849,743,19,2,12851.47
1850,744,34,3,13482.67
1851,745,12,1,1527.28
1852,745,3,1,11148.92
1853,746,37,3,2419.69
1854,747,4,3,8918.81
1855,747,24,3,3785.44
1856,747,15,1,2003.67
1857,748,42,1,13289.11
1858,748,32,2,3812.42
1859,749,24,2,3785.44
1860,749,46,3,11465.14
1861,749,4,1,8918.81
1862,749,40,3,3883.5
1863,750,14,3,12135.85
1864,751,35,1,3406.91
1865,751,25,1,4158.73
1866,752,36,3,7478.71
1867,752,48,2,7688.79
1868,753,44,3,2498.64
1869,753,30,2,9883.26
1870,753,45,1,13156.42
1871,754,33,3,4051.71
1872,754,22,3,4114.62
1873,754,43,2,5201.61
1874,754,11,2,2458.87
1875,755,24,3,3785.44
1876,755,27,2,12353.77
1877,755,49,3,5702.62
1878,756,25,3,4158.73
1879,756,50,3,14309.47
1880,757,29,1,13164.06
1881,757,26,2,10316.52
1882,757,1,3,11162.02
1883,757,47,1,13077.2
1884,758,1,1,11162.02
1885,758,20,2,4277.91
1886,758,15,1,2003.67
1887,759,36,3,7478.71
1888,759,33,1,4051.71
1889,759,37,1,2419.69
1890,760,9,2,12170.04
1891,760,17,3,8723.68
1892,761,6,3,9089.98
1893,761,37,1,2419.69
1894,761,26,3,10316.52
1895,762,12,1,1527.28
1896,762,32,3,3812.42
1897,762,45,3,13156.42
1898,762,37,2,2419.69
1899,763,6,2,9089.98
1900,763,50,2,14309.47
1901,763,4,2,8918.81
1902,763,22,1,4114.62
1903,764,41,3,10252.21
1904,765,21,3,5647.19
1905,766,10,3,10517.37
1906,766,4,3,8918.81
1907,767,15,2,2003.67
1908,768,9,1,12170.04
1909,768,22,2,4114.62
1910,769,17,2,8723.68
1911,769,6,3,9089.98
1912,769,26,1,10316.52
1913,769,33,1,4051.71
1914,770,26,3,10316.52
1915,770,42,3,13289.11
1916,770,37,3,2419.69
1917,770,13,3,12735.29
1918,771,50,3,14309.47
1919,771,28,3,4125.95
1920,771,21,1,5647.19
1921,772,24,2,3785.44
1922,772,23,3,9579.43
1923,772,13,3,12735.29
1924,772,21,1,5647.19
1925,773,40,2,3883.5
1926,773,29,1,13164.06
1927,773,10,1,10517.37
1928,774,49,1,5702.62
1929,774,47,1,13077.2
1930,775,19,2,12851.47
1931,775,1,3,11162.02
1932,776,2,3,2222.14
1933,776,22,1,4114.62
1934,776,14,1,12135.85
1935,776,48,3,7688.79
1936,777,40,3,3883.5
1937,777,47,3,13077.2
1938,777,10,1,10517.37
1939,777,45,2,13156.42
1940,778,17,1,8723.68
1941,779,4,1,8918.81
1942,779,30,1,9883.26
1943,779,42,2,13289.11
1944,780,7,3,10782.89
1945,780,2,2,2222.14
1946,780,19,1,12851.47
1947,781,21,2,5647.19
1948,782,13,2,12735.29
1949,782,33,3,4051.71
1950,783,34,2,13482.67
1951,783,20,2,4277.91
1952,784,23,3,9579.43
1953,785,16,1,8347.8
1954,785,33,3,4051.71
1955,785,18,2,9969.76
1956,786,36,2,7478.71
1957,787,43,2,5201.61
1958,787,9,3,12170.04
1959,787,6,3,9089.98
1960,787,47,3,13077.2
1961,788,16,2,8347.8
1962,788,37,3,2419.69
1963,788,10,2,10517.37
1964,788,28,2,4125.95
1965,789,38,3,6419.08
1966,789,35,1,3406.91
1967,790,28,1,4125.95
1968,790,50,3,14309.47
1969,791,5,3,1541.37
1970,791,36,1,7478.71
1971,791,35,1,3406.91
1972,792,47,2,13077.2
1973,792,2,2,2222.14
1974,793,10,1,10517.37
1975,793,50,1,14309.47
1976,793,13,1,12735.29
1977,794,39,1,5817.05
1978,794,37,3,2419.69
1979,794,40,1,3883.5
1980,795,6,2,9089.98
1981,795,45,1,13156.42
1982,795,50,3,14309.47
1983,796,12,2,1527.28
1984,796,25,1,4158.73
1985,796,32,1,3812.42
1986,797,49,1,5702.62
1987,797,1,3,11162.02
1988,797,18,3,9969.76
1989,797,27,1,12353.77
1990,798,29,2,13164.06
1991,798,40,3,3883.5
1992,799,28,1,4125.95
1993,799,26,3,10316.52
1994,800,26,3,10316.52
1995,800,40,3,3883.5
1996,800,48,3,7688.79
